{"cameraMode":{"drawMode":0,"name":"Shaded","section":"Shading Mode"},"sceneLighting":true,"audioPlay":false,"sceneViewState":{"m_AlwaysRefresh":false,"showFog":true,"showSkybox":true,"showFlares":true,"showImageEffects":true,"showParticleSystems":true,"showVisualEffectGraphs":true,"m_FxEnabled":true},"in2DMode":false,"pivot":{"x":4.580928325653076,"y":4.561422348022461,"z":11.265398025512696},"rotation":{"x":-0.16158729791641236,"y":0.012431830167770386,"z":-0.002037151250988245,"w":-0.9867898225784302},"size":55.358333587646487,"orthographic":false}